{
  "nodePositions": {
    "Left": 628.5370788574219,
    "Top": -0.6220207214355469,
    "rootLeft": 389,
    "rootTop": 1077
  }
}