{
  "nodePositions": {
    "Left": 690.9188232421875,
    "Top": -1.810455322265625
  }
}